Unnamed: 0,RC1,RC5,RC2,RC3,RC4
E2,-0.203190514158038,0.322173181587189,-0.355733417301235,0.223258633338249,-0.164898775468328
E3,-0.0708247522347614,0.373012179002133,-0.0751610717411298,0.0252542196725314,-0.449648909935314
E5,-0.0185119946781006,0.318824885395471,0.329430113500898,-0.14176836886644,0.0741843586307628
E6,-0.146584950514454,0.264284419229158,0.0405452787280925,0.173559054243234,-0.385778061985838
E9,0.0671276204542291,0.320617473699459,-0.111990505280049,0.16963538507584,-0.342698861967951
E10,0.192742763023684,0.563805359363187,-0.225474877593272,-0.265717234124385,-0.0844223936562824
E1,0.144538551305013,0.077334053442258,0.177421821138472,-0.220677057697591,0.403819102971144
E4,-0.189151973915402,0.0154555911326376,0.233750079972812,0.28251593765085,0.299600482602813
E7,-0.0285600755280039,-0.0851559394986306,0.380635407080107,0.171416758403469,-0.100858243093137
E8,0.001970216671628,-0.0738125733060586,0.540445400707239,0.104124556563174,0.102185153817463
E11,-0.0675606840838562,-0.0426182258061081,-0.063345839880459,-0.4063497501207,0.0793243861057886
E12,-0.111653202204277,-0.119590844410743,0.0143726155943483,0.109011142446853,0.489795062979309
A13,0.521949866456285,0.107300304796421,-0.389008603645096,0.18798815762028,-0.0935926069756391
A15,0.703837176439573,0.20667886321335,-0.127303638291087,-0.147087495872069,-0.101304270971624
A17,0.378215188582196,0.160929398910367,0.456771565138675,-0.0758424981249649,-0.460891184479002
A18,0.671363637968642,0.188383650362851,-0.207814867701851,-0.0314044109852047,0.184886057690992
A21,0.646345641100581,-0.0490204778324544,-0.147184025486005,-0.241222261613007,0.0065994974468717
A22,0.186887489941581,0.326321355969454,0.021803832154821,-0.423264323323366,-0.238526268764448
A14,0.100060207836487,-0.220770634451166,0.281649320280942,0.244523015893367,0.0074891040227648
A16,-0.0160439360248964,0.0595913275481342,0.235668678468019,-0.0771728123786006,0.335927468836817
A20,0.184914578735294,-0.0211126690819024,0.207593196304697,0.50440240298267,-0.0201460422149937
A23,-0.0642613735057837,0.0792338735075804,0.362301151259635,0.0017539671500775,0.210650812974732
A24,-0.0609524050994956,0.0044239587269478,0.0091785237749339,0.679166600150678,-0.0101958590874978
C26,-0.0378778212026047,0.111751836862409,0.469490935846579,-0.0204820076037722,-0.0949080002629247
C27,0.0584551088394637,0.091559870765715,0.659932561357601,-0.0718209526078036,0.262432739503321
C29,0.679642410764812,0.417413204436142,0.0889444551087738,0.141530010310996,-0.263991455533983
C30,0.718908379678311,0.304225734905129,0.212111769049028,0.055974194823188,-0.183230480724165
C35,0.680417768794217,0.309058593367051,0.0369891874807387,0.280489598202667,-0.0419299207035104
C36,0.41616236068319,0.0808973048250179,0.494084381596858,-0.161353075992808,-0.213218368174119
C25,-0.0687809785940866,0.0471668160684809,0.14632592170712,0.0243664193658183,0.397100516969488
C28,0.0646871451641503,-0.250443378667214,0.0997189633283781,0.0081807450940157,0.153193361974151
C31,-0.385925305812061,-0.153054059198028,-0.407785056678616,-0.0621547096028116,0.590940823645434
C32,-0.266300884040386,-0.0552548088024367,-0.0786211219678605,-0.0071157970799686,0.230902445607853
C33,-0.535619862535168,0.0692029993474472,0.100276736834239,-0.0783819242286888,-0.0009296635457956
C34,-0.496854450145355,0.0533755869712365,-0.220165979912779,0.176276640669722,0.300592580460566
N37,0.395533970524009,0.093933142649664,0.0448218372516182,-0.377211078580637,0.108446592439846
N39,-0.0801150035833256,0.157345793170235,0.0064018022123879,-0.335692790671418,0.0051416744755546
N43,0.335518784542623,0.375153246273991,-0.0073414813110196,-0.476301284625743,-0.186901705189621
N44,0.43561942057512,0.581357317156685,-0.130951920017898,-0.274894758326543,0.0472107137644337
N45,0.389710642937457,-0.0547848281058242,0.180158894609466,-0.10767506588466,-0.0052054178406645
N47,-0.122843442127108,-0.0988053682168173,0.357901690762714,-0.139246609920893,-0.188621771310813
N38,-0.180337753108135,0.0216379709041703,0.129384957469449,0.0751893851451894,0.555036711634218
N40,-0.0435090877369499,0.0906607330926191,0.141284142388709,0.362242309906508,-0.0170743064388355
N41,-0.089547327663818,0.0232303028339487,-0.353656973763639,0.702937390188819,0.271296670727595
N42,-0.30461559246974,0.023670247468208,-0.220402369936409,0.289439090487845,0.604084394908881
N46,-0.163154560555639,-0.0519883175339532,-0.113732467564648,0.723136356461059,0.199936832657743
N48,-0.324233122710819,0.196508108803468,-0.0054474320920053,0.452314871416297,-0.035565205133398
O50,0.127239079993122,0.570163572419264,0.321422780152592,0.125303432538083,-0.0494511728234299
O52,-0.252867499799974,0.18153656070376,0.100485293180262,-0.163171643904227,-0.684369989795053
O53,0.209187895844056,0.671658685652056,-0.226231731657595,-0.0222880636918054,0.128676590643565
O55,0.297746154078723,0.707488126729245,-0.216045086931164,0.0834423837282164,-0.0047250593501052
O58,-0.0197054281714995,0.589160289962553,0.306111684123917,-0.255408919614307,-0.0226077662195318
O59,0.332655388351276,0.598947697891183,0.0579329787402241,0.272286379602788,-0.177060946221278
O49,0.0827934947385549,-0.186282898557766,0.309596297523654,0.0807257389724749,0.0555976029799938
O51,-0.323774922140849,-0.165109251467096,0.373927263102848,-0.198875164911647,0.215583805653368
O54,0.0665426082936946,0.0114354393131123,0.302295138957407,0.0968377777103259,0.0710440061565462
O56,-0.144393544471829,-0.127556296303389,0.402008490588524,0.131944407419619,0.0358204786949626
O57,0.0400192627606857,-0.216829918342851,0.292713085781398,-0.0139537086181873,0.0167878966150424
O60,-0.324248888595794,0.0444275884848647,-0.234708846289617,0.162936185013149,-0.004463296273036
